City_ID,City,Lat,Lng,Max Temp,Humidity,Cloudiness,Wind Speed,Country,Date
0,Kapaa,22.08,-159.32,298.15,73,75,7.2,US,2020-08-02 17:07:52
1,Hami,42.8,93.45,302.95,13,61,3.46,CN,2020-08-02 17:07:52
2,Castro,-24.79,-50.01,293.22,49,2,2.82,BR,2020-08-02 17:07:52
3,Kismayo,-0.36,42.55,298.52,76,7,8.12,SO,2020-08-02 17:07:53
4,Rocha,-34.48,-54.33,291.58,81,100,2.63,UY,2020-08-02 17:07:53
5,Albany,42.6,-73.97,300.37,66,65,5.39,US,2020-08-02 17:06:46
6,Ushuaia,-54.8,-68.3,279.15,70,40,8.7,AR,2020-08-02 17:03:43
7,Moindou,-21.69,165.68,287.15,93,20,2.64,NC,2020-08-02 17:07:54
8,Kaitangata,-46.28,169.85,283.15,85,80,1.79,NZ,2020-08-02 17:07:54
9,Isangel,-19.55,169.27,292.34,69,5,5.39,VU,2020-08-02 17:07:55
10,Lebu,-37.62,-73.65,286.69,82,45,3.32,CL,2020-08-02 17:07:13
11,Sorland,67.67,12.69,289.15,77,100,4.6,NO,2020-08-02 17:07:55
12,Bredasdorp,-34.53,20.04,290.15,72,0,3.6,ZA,2020-08-02 17:07:00
13,Tromso,69.65,18.96,289.15,59,20,4.1,NO,2020-08-02 17:06:25
14,Liverpool,53.41,-2.98,292.04,52,20,5.1,GB,2020-08-02 17:06:50
15,Juan Lacaze,-34.43,-57.44,296.48,77,92,2.6,UY,2020-08-02 17:07:57
16,Tuktoyaktuk,69.45,-133.04,283.15,71,90,8.2,CA,2020-08-02 17:06:44
17,Kruisfontein,-34.0,24.73,295.37,28,0,4.64,ZA,2020-08-02 17:07:58
18,Upernavik,72.79,-56.15,279.48,64,80,3.78,GL,2020-08-02 17:07:58
19,Mataura,-46.19,168.86,281.67,95,70,0.99,NZ,2020-08-02 17:06:53
20,Mehamn,71.04,27.85,283.15,87,75,4.1,NO,2020-08-02 17:03:04
21,Klaksvik,62.23,-6.59,283.15,100,42,2.6,FO,2020-08-02 17:07:59
22,Lompoc,34.64,-120.46,287.15,87,0,3.24,US,2020-08-02 17:07:59
23,Sur,22.57,59.53,302.53,68,1,4.83,OM,2020-08-02 17:07:59
24,Jamestown,42.1,-79.24,297.59,78,90,7.2,US,2020-08-02 17:04:41
25,Hobart,-42.88,147.33,282.59,75,40,4.1,AU,2020-08-02 17:05:29
26,Sembe,1.65,14.58,298.54,75,46,1.13,CG,2020-08-02 17:08:00
27,Dingle,11.0,122.67,298.16,83,100,2.1,PH,2020-08-02 17:08:00
28,Luderitz,-26.65,15.16,301.15,14,0,3.1,NA,2020-08-02 17:06:05
29,Aktau,43.65,51.2,302.15,25,0,3.0,KZ,2020-08-02 17:08:01
30,Kapoeta,4.77,33.59,299.69,53,9,3.16,SS,2020-08-02 17:08:01
31,Moctezuma,29.8,-109.67,304.25,47,81,0.57,MX,2020-08-02 17:08:01
32,Kita,13.03,-9.49,301.85,78,82,2.63,ML,2020-08-02 17:08:02
33,Bluff,-46.6,168.33,281.28,93,73,2.57,NZ,2020-08-02 17:08:02
34,Okhotsk,59.38,143.3,284.52,77,3,0.67,RU,2020-08-02 17:08:02
35,Ponta Do Sol,32.67,-17.1,298.15,65,20,8.7,PT,2020-08-02 17:08:02
36,Yellowknife,62.46,-114.35,298.15,68,40,6.2,CA,2020-08-02 17:08:03
37,Rikitea,-23.12,-134.97,295.83,75,49,5.32,PF,2020-08-02 17:08:03
38,Lumatil,5.87,124.89,298.54,84,100,0.89,PH,2020-08-02 17:08:03
39,Atuona,-9.8,-139.03,298.97,75,4,7.54,PF,2020-08-02 17:08:03
40,Carnarvon,-24.87,113.63,290.15,77,0,6.7,AU,2020-08-02 17:08:04
41,Cidreira,-30.18,-50.21,292.6,60,72,3.81,BR,2020-08-02 17:08:04
42,Paamiut,61.99,-49.67,280.47,97,100,7.71,GL,2020-08-02 17:08:04
43,Bure,10.7,37.07,287.24,93,68,1.73,ET,2020-08-02 17:08:05
44,Karratha,-20.74,116.85,294.03,66,14,3.76,AU,2020-08-02 17:08:05
45,Ewa Beach,21.32,-158.01,299.15,78,40,1.5,US,2020-08-02 17:08:06
46,Port Alfred,-33.59,26.89,294.61,36,0,3.8,ZA,2020-08-02 17:08:06
47,Vaini,-21.2,-175.2,295.15,88,75,3.6,TO,2020-08-02 17:08:06
48,Pevek,69.7,170.31,275.56,86,98,0.79,RU,2020-08-02 17:07:20
49,Zhigansk,66.77,123.37,286.06,62,59,4.95,RU,2020-08-02 17:08:07
50,Dagda,56.1,27.54,289.97,70,82,1.32,LV,2020-08-02 17:08:07
51,Victoria,22.29,114.16,299.26,94,100,5.36,HK,2020-08-02 17:05:55
52,Punta Arenas,-53.15,-70.92,279.82,70,41,9.3,CL,2020-08-02 17:08:08
53,Tiksi,71.69,128.87,278.64,92,87,2.29,RU,2020-08-02 17:08:08
54,Barrow,71.29,-156.79,276.15,86,90,5.7,US,2020-08-02 17:08:08
55,Barabai,-2.58,115.38,296.76,94,74,0.51,ID,2020-08-02 17:08:09
56,Beidao,34.57,105.89,294.51,76,24,1.32,CN,2020-08-02 17:05:07
57,Atlantis,-33.57,18.48,289.82,85,0,1.73,ZA,2020-08-02 17:08:09
58,Hurghada,27.26,33.81,308.15,39,0,1.5,EG,2020-08-02 17:08:09
59,Butaritari,3.07,172.79,301.02,75,37,7.69,KI,2020-08-02 17:06:40
60,Georgetown,5.41,100.34,302.15,83,20,2.1,MY,2020-08-02 17:06:49
61,Airai,-8.93,125.41,284.78,100,61,0.89,TL,2020-08-02 17:08:10
62,Puerto Ayora,-0.74,-90.35,295.15,83,75,7.7,EC,2020-08-02 17:08:10
63,Mantua,45.17,10.78,303.15,59,0,1.79,IT,2020-08-02 17:08:10
64,Dongli,23.57,116.82,301.15,83,75,3.0,CN,2020-08-02 17:08:11
65,Yekimovichi,54.11,33.3,288.3,84,11,2.06,RU,2020-08-02 17:08:11
66,Baruun-Urt,46.68,113.28,287.58,83,54,4.23,MN,2020-08-02 17:08:11
67,Kangalassy,62.35,129.96,288.15,87,28,0.53,RU,2020-08-02 17:08:11
68,Muros,42.78,-9.06,296.48,58,83,4.92,ES,2020-08-02 17:08:12
69,Bairiki,1.33,172.98,300.15,78,20,3.1,KI,2020-08-02 17:08:12
70,Tasiilaq,65.61,-37.64,285.15,34,18,5.7,GL,2020-08-02 17:08:12
71,Tombouctou,20.0,-3.0,314.89,17,0,2.53,ML,2020-08-02 17:08:12
72,Torbay,47.67,-52.73,289.26,100,90,6.7,CA,2020-08-02 17:08:12
73,Hermanus,-34.42,19.23,285.37,88,0,1.71,ZA,2020-08-02 17:06:45
74,Gizo,-8.1,156.84,300.49,79,10,4.56,SB,2020-08-02 17:08:13
75,Roura,4.73,-52.33,300.15,74,49,3.1,GF,2020-08-02 17:08:13
76,Provideniya,64.38,-173.3,279.38,66,94,4.67,RU,2020-08-02 17:08:14
77,Mar Del Plata,-38.0,-57.56,288.15,62,100,3.6,AR,2020-08-02 17:04:21
78,Atar,20.52,-13.05,317.36,8,0,7.69,MR,2020-08-02 17:08:14
79,Labuhan,-6.88,112.21,297.06,80,59,4.12,ID,2020-08-02 17:08:15
80,Chokurdakh,70.63,147.92,282.4,69,69,2.1,RU,2020-08-02 17:08:15
81,Saint-Philippe,-21.36,55.77,294.15,64,90,5.7,RE,2020-08-02 17:08:15
82,Arecibo,18.47,-66.72,305.37,68,56,1.79,PR,2020-08-02 17:08:16
83,Monchegorsk,67.94,32.87,284.35,73,99,2.21,RU,2020-08-02 17:08:16
84,Hamilton,39.18,-84.53,297.59,64,75,3.6,US,2020-08-02 17:04:34
85,Ahuimanu,21.44,-157.84,299.15,61,40,4.1,US,2020-08-02 17:08:17
86,Ilulissat,69.22,-51.1,281.15,75,20,2.1,GL,2020-08-02 17:08:17
87,Bengkulu,-3.8,102.27,298.27,89,49,3.27,ID,2020-08-02 17:08:17
88,Santa Maria,-29.68,-53.81,298.27,59,70,1.48,BR,2020-08-02 17:05:01
89,Yatou,37.15,122.38,296.9,95,64,4.25,CN,2020-08-02 17:08:18
90,Busselton,-33.65,115.33,280.37,98,47,4.34,AU,2020-08-02 17:06:44
91,Christchurch,-43.53,172.63,282.59,87,99,2.6,NZ,2020-08-02 17:08:19
92,Florianopolis,-27.61,-48.5,297.15,53,0,5.7,BR,2020-08-02 17:05:01
93,Pisco,-13.7,-76.22,290.37,72,1,3.6,PE,2020-08-02 17:07:28
94,Brejo Da Madre De Deus,-8.15,-36.37,299.37,52,76,6.82,BR,2020-08-02 17:08:19
95,Itanhem,-17.17,-40.33,296.47,67,68,5.51,BR,2020-08-02 17:08:19
96,Ichinohe,40.21,141.3,293.15,100,75,1.5,JP,2020-08-02 17:08:20
97,Amnat Charoen,15.86,104.63,297.58,91,100,5.77,TH,2020-08-02 17:08:20
98,Nanortalik,60.14,-45.24,281.65,91,98,5.28,GL,2020-08-02 17:08:20
99,Port Moresby,-9.44,147.18,295.42,87,29,4.67,PG,2020-08-02 17:08:21
100,Port Elizabeth,-33.92,25.57,295.15,37,0,2.6,ZA,2020-08-02 17:08:21
101,Am Timan,11.03,20.28,295.75,92,99,1.78,TD,2020-08-02 17:08:21
102,Verkhniy Ufaley,56.06,60.23,290.19,85,78,1.12,RU,2020-08-02 17:08:21
103,Sira,13.75,76.91,295.89,76,94,8.43,IN,2020-08-02 17:08:21
104,Flin Flon,54.77,-101.86,295.15,53,5,2.6,CA,2020-08-02 17:08:22
105,Bethel,41.37,-73.41,298.15,94,90,3.1,US,2020-08-02 17:08:22
106,Shache,38.42,77.24,297.36,20,34,1.43,CN,2020-08-02 17:08:22
107,Piacabucu,-10.41,-36.43,296.96,82,56,4.87,BR,2020-08-02 17:08:22
108,Sarakhs,36.54,61.16,304.15,20,0,3.39,IR,2020-08-02 17:08:22
109,Tutoia,-2.76,-42.27,301.85,62,64,3.77,BR,2020-08-02 17:07:33
110,Zyryanka,65.75,150.85,282.38,77,13,1.82,RU,2020-08-02 17:08:23
111,Ostrovnoy,68.05,39.51,283.49,86,100,5.5,RU,2020-08-02 17:08:23
112,Vardo,70.37,31.11,283.15,87,75,4.1,NO,2020-08-02 17:08:23
113,Hilo,19.73,-155.09,295.15,83,90,2.6,US,2020-08-02 17:06:50
114,Esperance,-33.87,121.9,283.15,81,64,5.1,AU,2020-08-02 17:06:47
115,Vila Franca Do Campo,37.72,-25.43,297.15,64,20,3.6,PT,2020-08-02 17:08:24
116,Jezerski,44.98,16.08,299.93,53,0,3.51,BA,2020-08-02 17:08:25
117,Qaanaaq,77.48,-69.36,276.59,85,99,5.99,GL,2020-08-02 17:08:25
118,Faro,37.02,-7.93,300.15,61,0,4.1,PT,2020-08-02 17:08:15
119,Masallatah,32.62,14.0,303.95,35,0,3.94,LY,2020-08-02 17:08:26
120,Birstonas,54.62,24.03,297.15,44,81,1.0,LT,2020-08-02 17:08:26
121,Vavoua,7.38,-6.48,298.42,74,100,2.59,CI,2020-08-02 17:08:27
122,Poum,-20.23,164.02,293.85,62,88,4.12,NC,2020-08-02 17:08:08
123,Shingu,33.73,135.98,296.67,91,33,1.41,JP,2020-08-02 17:08:27
124,Kloulklubed,7.04,134.26,300.15,88,75,1.5,PW,2020-08-02 17:08:27
125,Cordele,31.96,-83.78,305.93,58,90,1.14,US,2020-08-02 17:08:27
126,Kahului,20.89,-156.47,297.15,69,40,6.7,US,2020-08-02 17:08:28
127,Myrtle Beach,33.69,-78.89,305.37,84,1,5.7,US,2020-08-02 17:06:32
128,Mahebourg,-20.41,57.7,294.15,73,75,7.7,MU,2020-08-02 17:08:28
129,Dikson,73.51,80.55,283.08,90,85,1.74,RU,2020-08-02 17:08:28
130,Cartagena,10.4,-75.51,307.15,71,20,2.1,CO,2020-08-02 17:07:02
131,Port Hardy,50.7,-127.42,288.15,93,90,2.5,CA,2020-08-02 17:08:29
132,Chuy,-33.7,-53.46,292.98,73,100,1.95,UY,2020-08-02 17:08:29
133,Krasnoselkup,65.7,82.47,287.95,86,7,3.01,RU,2020-08-02 17:08:29
134,Acapulco,16.86,-99.89,304.15,66,20,2.1,MX,2020-08-02 17:06:18
135,Vostok,46.49,135.88,290.65,99,94,1.13,RU,2020-08-02 17:08:29
136,Urumqi,43.8,87.6,302.15,28,96,6.0,CN,2020-08-02 17:08:30
137,Santa Ines,-3.67,-45.38,305.85,43,12,2.43,BR,2020-08-02 17:08:30
138,Aklavik,68.22,-135.01,283.15,100,90,2.6,CA,2020-08-02 17:08:30
139,East London,-33.02,27.91,295.35,37,0,3.94,ZA,2020-08-02 17:07:02
140,Saskylakh,71.92,114.08,289.13,63,85,1.36,RU,2020-08-02 17:08:30
141,Varhaug,58.61,5.65,285.93,96,93,2.68,NO,2020-08-02 17:08:30
142,Orange Park,30.17,-81.71,307.15,70,75,4.6,US,2020-08-02 17:08:31
143,Hasaki,35.73,140.83,294.26,100,75,2.1,JP,2020-08-02 17:08:31
144,Domasnea,45.08,22.32,294.96,65,16,0.96,RO,2020-08-02 17:08:31
145,Yanam,16.73,82.22,301.15,83,75,3.6,IN,2020-08-02 17:08:31
146,Sterling,39.01,-77.43,305.37,70,75,4.6,US,2020-08-02 17:04:00
147,Verkhnevilyuysk,63.45,120.32,286.21,69,0,1.06,RU,2020-08-02 17:08:32
148,Faanui,-16.48,-151.75,298.86,80,66,6.07,PF,2020-08-02 17:08:32
149,Divnomorskoye,44.5,38.14,293.8,66,40,3.22,RU,2020-08-02 17:08:32
150,Kodiak,57.79,-152.41,285.15,87,90,1.33,US,2020-08-02 17:07:28
151,Tual,-5.67,132.75,298.26,83,83,7.78,ID,2020-08-02 17:08:32
152,Jais,26.25,81.53,305.43,62,60,2.02,IN,2020-08-02 17:08:33
153,Altay,47.87,88.12,291.13,42,1,4.2,CN,2020-08-02 17:05:04
154,Saint George,37.1,-113.58,309.26,18,1,1.36,US,2020-08-02 17:06:48
155,Kalevala,65.2,31.17,287.3,73,69,1.68,RU,2020-08-02 17:08:34
156,Sidhi,24.42,81.88,303.17,69,85,1.87,IN,2020-08-02 17:08:35
157,Acajutla,13.59,-89.83,304.15,55,38,2.33,SV,2020-08-02 17:06:28
158,Hanna,51.63,-111.9,298.71,55,77,4.47,CA,2020-08-02 17:08:35
159,Saint Pete Beach,27.73,-82.74,307.59,74,40,5.7,US,2020-08-02 17:08:36
160,Namatanai,-3.67,152.43,299.58,82,73,3.29,PG,2020-08-02 17:08:37
161,Thinadhoo,0.53,72.93,301.69,76,98,4.95,MV,2020-08-02 17:08:37
162,Jumla,29.27,82.18,291.25,72,72,0.8,NP,2020-08-02 17:08:37
163,Nemuro,43.32,145.57,290.43,94,58,5.03,JP,2020-08-02 17:08:37
164,Vega De Alatorre,20.03,-96.63,303.22,65,21,2.88,MX,2020-08-02 17:08:38
165,Boyabat,41.47,34.77,295.15,78,75,2.1,TR,2020-08-02 17:08:38
166,San Borja,-14.82,-66.85,307.69,25,10,1.53,BO,2020-08-02 17:08:38
167,Pyra,56.3,43.35,289.26,82,75,2.0,RU,2020-08-02 17:08:38
168,Zonguldak,41.25,31.83,291.21,78,0,2.25,TR,2020-08-02 17:08:38
169,New Norfolk,-42.78,147.06,280.93,84,99,0.89,AU,2020-08-02 17:08:39
170,San Carlos De Bariloche,-41.15,-71.31,282.15,57,75,4.6,AR,2020-08-02 17:06:23
171,Avarua,-21.21,-159.78,287.15,100,97,0.5,CK,2020-08-02 17:08:39
172,Katsuura,35.13,140.3,298.15,92,38,2.64,JP,2020-08-02 17:08:39
173,Winneba,5.35,-0.62,299.15,74,23,7.7,GH,2020-08-02 17:08:40
174,Basi,26.83,76.03,304.15,66,40,5.66,IN,2020-08-02 17:08:40
175,Qostanay,53.17,63.58,302.15,28,0,4.0,KZ,2020-08-02 17:08:40
176,Clyde River,70.47,-68.59,286.15,76,1,2.1,CA,2020-08-02 17:08:40
177,Rio Grande,-32.03,-52.1,298.15,61,99,3.6,BR,2020-08-02 17:08:41
178,Aykhal,66.0,111.5,292.15,39,60,2.0,RU,2020-08-02 17:08:41
179,Jagtial,18.8,78.93,301.41,75,83,2.47,IN,2020-08-02 17:08:41
180,Sao Joao Da Barra,-21.64,-41.05,298.15,50,40,4.27,BR,2020-08-02 17:08:41
181,Xichang,27.9,102.26,293.04,77,94,1.42,CN,2020-08-02 17:08:42
182,Grindavik,63.84,-22.43,284.15,81,75,5.7,IS,2020-08-02 17:08:30
183,Arraial Do Cabo,-22.97,-42.03,297.15,57,40,4.6,BR,2020-08-02 17:08:42
184,Ancud,-41.87,-73.82,286.48,81,20,5.1,CL,2020-08-02 17:08:42
185,Inhambane,-23.86,35.38,294.15,64,75,4.1,MZ,2020-08-02 17:08:42
186,Guye,39.73,118.42,297.32,93,27,0.94,CN,2020-08-02 17:08:44
187,Beringovskiy,63.05,179.32,281.97,75,100,8.08,RU,2020-08-02 17:08:44
188,Sitka,57.05,-135.33,287.15,93,90,1.5,US,2020-08-02 17:08:45
189,Hithadhoo,-0.6,73.08,301.59,78,61,4.85,MV,2020-08-02 17:08:45
190,Trincomalee,8.57,81.23,300.98,74,100,9.89,LK,2020-08-02 17:08:45
191,Coihaique,-45.58,-72.07,280.15,70,75,1.5,CL,2020-08-02 17:08:46
192,Cabo San Lucas,22.89,-109.91,305.37,52,20,2.6,MX,2020-08-02 17:08:47
193,Geraldton,-28.77,114.6,284.15,93,75,2.6,AU,2020-08-02 17:08:47
194,Balti,47.76,27.93,298.15,29,0,1.5,MD,2020-08-02 17:08:47
195,Teya,60.38,92.63,286.52,68,4,0.27,RU,2020-08-02 17:08:47
196,Inongo,-1.95,18.27,299.17,55,92,0.31,CD,2020-08-02 17:08:48
197,Pimentel,-6.84,-79.93,290.15,82,90,2.1,PE,2020-08-02 17:08:48
198,Mount Isa,-20.73,139.5,283.15,57,0,3.55,AU,2020-08-02 17:08:48
199,Iqaluit,63.75,-68.51,283.15,81,75,2.1,CA,2020-08-02 17:08:49
200,Talnakh,69.49,88.4,291.15,59,97,3.0,RU,2020-08-02 17:08:49
201,Kudahuvadhoo,2.67,72.89,301.33,78,100,4.53,MV,2020-08-02 17:08:11
202,Kupang,-10.17,123.58,294.55,81,49,4.07,ID,2020-08-02 17:08:50
203,Samokov,42.33,23.55,298.71,63,15,0.45,BG,2020-08-02 17:08:50
204,Kununurra,-15.77,128.73,286.15,31,37,1.5,AU,2020-08-02 17:08:50
205,Codrington,-38.27,141.97,279.72,84,100,3.5,AU,2020-08-02 17:08:51
206,Vanimo,-2.67,141.3,297.98,83,42,1.32,PG,2020-08-02 17:08:00
207,Morro Bay,35.37,-120.85,298.71,41,0,2.84,US,2020-08-02 17:06:42
208,Aswan,24.09,32.91,312.55,23,63,5.52,EG,2020-08-02 17:08:52
209,Grafton,42.21,-71.69,302.04,57,20,5.7,US,2020-08-02 17:08:52
210,Emerald,-23.53,148.17,285.15,81,0,3.1,AU,2020-08-02 17:08:52
211,Omboue,-1.57,9.26,296.33,77,76,4.36,GA,2020-08-02 17:08:52
212,Bhawana,31.57,72.65,310.91,38,15,4.78,PK,2020-08-02 17:08:53
213,Glenluce,54.88,-4.81,286.48,86,46,0.89,GB,2020-08-02 17:08:53
214,Sayat,38.78,63.88,305.15,22,0,3.1,TM,2020-08-02 17:08:54
215,Yulara,-25.24,130.99,279.15,22,0,1.5,AU,2020-08-02 17:08:54
216,Coahuayana,18.73,-103.68,302.15,70,20,1.6,MX,2020-08-02 17:08:54
217,Mahibadhoo,3.78,72.97,301.49,79,100,5.8,MV,2020-08-02 17:07:32
218,Saskatoon,52.12,-106.63,298.71,49,40,4.6,CA,2020-08-02 17:04:49
219,Berlevag,70.86,29.09,283.15,87,75,5.1,NO,2020-08-02 17:08:56
220,San Patricio,19.22,-104.7,306.15,70,5,4.1,MX,2020-08-02 17:08:56
221,Mbalmayo,3.52,11.5,294.74,94,12,2.48,CM,2020-08-02 17:08:57
222,Bilma,18.69,12.92,311.15,22,70,2.64,NE,2020-08-02 17:07:58
223,Qianan,44.99,124.06,293.19,92,100,2.27,CN,2020-08-02 17:08:57
224,Ino,33.55,133.43,297.86,78,39,0.3,JP,2020-08-02 17:08:57
225,Dashitou,43.31,128.51,292.62,96,100,3.71,CN,2020-08-02 17:08:58
226,Faya,18.39,42.45,293.15,88,75,6.2,SA,2020-08-02 17:08:58
227,San Quintin,30.48,-115.95,298.54,60,0,3.07,MX,2020-08-02 17:08:58
228,Yanji,42.91,129.51,293.3,94,100,1.66,CN,2020-08-02 17:08:59
229,Mataram,-8.58,116.12,296.15,94,20,1.35,ID,2020-08-02 17:08:59
230,Boyolangu,-8.12,111.89,294.88,86,69,1.32,ID,2020-08-02 17:08:59
231,Elblag,54.15,19.41,298.71,44,43,3.1,PL,2020-08-02 17:06:33
232,Orange,33.7,-117.77,299.26,77,40,2.1,US,2020-08-02 17:08:59
233,Kotka,60.47,26.95,288.71,93,20,2.1,FI,2020-08-02 17:09:00
234,Cairns,-16.92,145.77,292.15,88,75,3.6,AU,2020-08-02 17:09:00
235,Guerrero Negro,27.98,-114.06,300.92,52,66,5.41,MX,2020-08-02 17:05:19
236,Thai Binh,20.45,106.33,300.15,94,75,1.5,VN,2020-08-02 17:09:01
237,Kungurtug,50.6,97.52,282.64,83,24,0.48,RU,2020-08-02 17:09:01
238,Cape Town,-33.93,18.42,290.37,67,0,4.1,ZA,2020-08-02 17:09:01
239,Avera,33.19,-82.53,307.15,46,40,3.6,US,2020-08-02 17:09:01
240,Sisimiut,66.94,-53.67,285.4,65,33,5.29,GL,2020-08-02 17:09:02
241,Grootfontein,-19.57,18.12,287.97,31,0,3.42,NA,2020-08-02 17:09:02
242,Yuryevets,57.32,43.1,288.75,74,4,2.7,RU,2020-08-02 17:09:02
243,Cherskiy,68.75,161.3,281.3,80,100,1.43,RU,2020-08-02 17:06:58
244,Gisborne,-38.65,178.0,280.37,92,100,0.89,NZ,2020-08-02 17:08:33
245,Nioro,13.35,-15.75,298.65,88,100,3.32,GM,2020-08-02 17:09:03
246,Chapada Dos Guimaraes,-15.46,-55.75,306.15,18,0,4.1,BR,2020-08-02 17:09:04
247,Osmena,10.52,119.93,301.58,73,99,1.55,PH,2020-08-02 17:09:04
248,Manavalakurichi,8.13,77.3,300.15,88,90,1.5,IN,2020-08-02 17:09:05
249,Bambous Virieux,-20.34,57.76,294.26,73,75,7.7,MU,2020-08-02 17:09:05
250,Steinbach,50.17,8.57,299.26,36,71,4.6,DE,2020-08-02 17:09:06
251,Manzhouli,49.6,117.43,288.06,84,9,2.65,CN,2020-08-02 17:09:06
252,Caravelas,-17.71,-39.25,297.46,65,14,5.07,BR,2020-08-02 17:09:06
253,Necochea,-38.55,-58.74,285.93,81,97,3.58,AR,2020-08-02 17:05:59
254,Belmonte,-15.86,-38.88,298.15,61,40,4.1,BR,2020-08-02 17:09:07
255,Ambovombe,-25.17,46.08,291.27,70,0,9.11,MG,2020-08-02 17:09:07
256,Port Lincoln,-34.73,135.87,284.92,81,100,4.98,AU,2020-08-02 17:07:25
257,Waipawa,-41.41,175.52,283.15,76,91,5.1,NZ,2020-08-02 17:09:08
258,Port Keats,-14.25,129.55,290.09,74,27,1.44,AU,2020-08-02 17:09:08
259,Lavrentiya,65.58,-171.0,279.76,77,86,3.32,RU,2020-08-02 17:07:19
260,Chulym,55.1,80.96,291.34,86,2,2.57,RU,2020-08-02 17:09:08
261,Ayan,56.45,138.17,285.31,82,0,1.84,RU,2020-08-02 17:09:08
262,Quatre Cocos,-20.21,57.76,294.26,73,75,7.7,MU,2020-08-02 17:09:09
263,Solok,-0.79,100.66,294.12,87,33,0.78,ID,2020-08-02 17:09:09
264,Dunedin,-45.87,170.5,282.59,89,71,0.89,NZ,2020-08-02 17:09:09
265,Puerto Escondido,15.85,-97.07,305.15,66,75,3.1,MX,2020-08-02 17:09:09
266,Yumen,40.28,97.2,294.35,21,0,5.72,CN,2020-08-02 17:06:41
267,Manjo,4.84,9.82,295.67,90,99,1.13,CM,2020-08-02 17:09:10
268,Gus-Khrustalnyy,55.61,40.65,287.03,84,15,1.99,RU,2020-08-02 17:09:10
269,Nizwa,22.93,57.53,310.69,28,17,3.69,OM,2020-08-02 17:06:29
270,Banda Aceh,5.56,95.32,300.6,73,100,4.73,ID,2020-08-02 17:09:11
271,Kalabo,-14.97,22.68,292.51,26,0,2.11,ZM,2020-08-02 17:09:11
272,Snasa,64.25,12.38,294.15,68,20,3.1,NO,2020-08-02 17:09:11
273,Taltal,-25.4,-70.48,292.01,50,15,2.51,CL,2020-08-02 17:07:53
274,Springbok,-29.66,17.89,290.41,27,0,2.51,ZA,2020-08-02 17:09:12
275,Itaquyry,-24.93,-55.22,301.26,34,0,2.91,PY,2020-08-02 17:09:12
276,Leningradskiy,69.38,178.42,276.07,91,100,3.31,RU,2020-08-02 17:09:12
277,Mayo,38.89,-76.51,305.37,66,75,4.1,US,2020-08-02 17:08:42
278,Taiping,4.85,100.73,300.15,88,20,0.97,MY,2020-08-02 17:09:13
279,Bocsa,45.37,21.71,301.15,34,0,2.1,RO,2020-08-02 17:09:13
280,Constitucion,-35.33,-72.42,288.97,76,47,1.37,CL,2020-08-02 17:09:14
281,Usinsk,65.99,57.53,287.27,92,100,4.17,RU,2020-08-02 17:09:14
282,Patan,27.67,85.33,298.15,88,75,2.1,NP,2020-08-02 17:09:14
283,Muroto,33.28,134.15,299.81,79,27,2.73,JP,2020-08-02 17:09:15
284,Solnechnyy,50.72,136.63,284.72,88,100,3.86,RU,2020-08-02 17:09:15
285,Los Llanos De Aridane,28.66,-17.92,299.15,74,20,7.2,ES,2020-08-02 17:09:16
286,Ahipara,-35.17,173.17,286.35,83,100,4.79,NZ,2020-08-02 17:07:01
287,Rena,61.13,11.36,285.93,95,82,2.56,NO,2020-08-02 17:09:16
288,Oktyabrskoye,43.06,44.74,292.15,93,75,1.0,RU,2020-08-02 17:09:17
289,Maragogi,-9.01,-35.22,298.44,75,44,7.16,BR,2020-08-02 17:09:17
290,Portland,45.52,-122.68,295.93,68,40,1.5,US,2020-08-02 17:08:39
291,Ribeira Grande,38.52,-28.7,297.15,69,20,4.6,PT,2020-08-02 17:09:17
292,Bubaque,11.28,-15.83,300.43,81,87,6.78,GW,2020-08-02 17:09:18
293,Mogadishu,2.04,45.34,298.22,80,36,10.08,SO,2020-08-02 17:09:18
294,Saint-Pierre,-21.34,55.48,294.15,64,90,5.7,RE,2020-08-02 17:09:18
295,Valdivia,-39.81,-73.25,286.15,82,40,2.6,CL,2020-08-02 17:04:55
296,Surovikino,48.61,42.85,293.24,55,37,1.78,RU,2020-08-02 17:09:19
297,Cockburn Town,21.46,-71.14,301.06,82,11,7.58,TC,2020-08-02 17:09:19
298,Mugur-Aksy,50.35,90.5,280.34,79,18,1.78,RU,2020-08-02 17:09:19
299,Pochutla,15.74,-96.47,306.48,49,40,2.28,MX,2020-08-02 17:09:19
300,Santa Fe,-31.63,-60.7,296.1,59,81,1.7,AR,2020-08-02 17:08:27
301,Chlum U Trebone,48.96,14.93,292.04,93,100,2.24,CZ,2020-08-02 17:09:20
302,Husavik,66.04,-17.34,286.15,76,90,5.1,IS,2020-08-02 17:09:20
303,Rasht,37.28,49.58,300.15,78,20,2.1,IR,2020-08-02 17:08:07
304,Athabasca,54.72,-113.29,294.14,77,7,3.79,CA,2020-08-02 17:09:21
305,Tabou,4.42,-7.35,298.25,70,50,3.27,CI,2020-08-02 17:09:21
306,Yerbogachen,61.28,108.01,286.89,69,0,1.58,RU,2020-08-02 17:09:21
307,Vestmannaeyjar,63.44,-20.27,285.15,87,75,6.7,IS,2020-08-02 17:09:22
308,Garoua Boulai,5.88,14.55,293.79,96,100,1.38,CM,2020-08-02 17:09:23
309,Sobolevo,54.43,31.9,288.33,82,14,2.29,RU,2020-08-02 17:09:23
310,Chara,56.91,118.26,286.65,88,100,1.71,RU,2020-08-02 17:09:23
311,Roald,62.58,6.13,287.04,93,75,8.2,NO,2020-08-02 17:09:23
312,Fortuna,40.6,-124.16,290.93,83,0,0.89,US,2020-08-02 17:06:40
313,Kamaishi,39.27,141.88,293.09,79,64,2.95,JP,2020-08-02 17:09:24
314,Tarauaca,-8.16,-70.77,307.44,31,0,1.09,BR,2020-08-02 17:09:25
315,Iquique,-20.22,-70.14,290.15,59,20,5.1,CL,2020-08-02 17:09:25
316,Ust-Uda,54.17,103.03,288.59,88,98,4.36,RU,2020-08-02 17:06:55
317,Camacupa,-12.02,17.48,294.08,27,1,1.36,AO,2020-08-02 17:09:26
318,Khatanga,71.97,102.5,288.61,76,2,2.47,RU,2020-08-02 17:09:26
319,Broome,42.25,-75.83,303.15,58,20,5.1,US,2020-08-02 17:09:27
320,Souillac,-20.52,57.52,294.15,73,75,7.7,MU,2020-08-02 17:07:27
321,Alofi,-19.06,-169.92,289.15,100,8,1.0,NU,2020-08-02 17:06:43
322,The Pas,53.83,-101.25,295.15,49,1,1.59,CA,2020-08-02 17:09:27
323,Narsaq,60.92,-46.05,285.15,71,75,2.1,GL,2020-08-02 17:09:28
324,Lasa,46.62,10.7,294.82,68,40,3.1,IT,2020-08-02 17:09:28
325,Valle De Allende,26.93,-105.4,299.89,33,0,5.2,MX,2020-08-02 17:09:28
326,Thompson,55.74,-97.86,295.15,43,20,1.5,CA,2020-08-02 17:07:27
327,Putina,-15.47,-69.43,284.11,42,17,2.27,PE,2020-08-02 17:09:29
328,Rio Gallegos,-51.62,-69.22,278.15,80,14,7.7,AR,2020-08-02 17:07:21
329,Hovd,48.01,91.64,287.19,63,95,4.18,MN,2020-08-02 17:09:29
330,Mosjoen,65.84,13.19,297.15,53,75,3.6,NO,2020-08-02 17:09:29
331,Biak,-0.91,122.88,297.45,84,97,2.19,ID,2020-08-02 17:09:30
332,Adrar,20.5,-10.07,315.94,6,0,3.9,MR,2020-08-02 17:09:30
333,Uruzgan,32.83,66.0,292.05,23,0,0.95,AF,2020-08-02 17:09:30
334,Opole,50.5,18.0,298.15,53,98,3.29,PL,2020-08-02 17:09:30
335,Pringsewu,-5.36,104.97,296.08,88,99,0.95,ID,2020-08-02 17:09:30
336,Nelson Bay,-32.72,152.15,283.15,100,73,2.1,AU,2020-08-02 17:09:31
337,Poplar Bluff,36.76,-90.39,300.93,65,1,2.1,US,2020-08-02 17:09:31
338,Henderson,36.04,-114.98,309.26,6,1,2.1,US,2020-08-02 17:09:31
339,Saldanha,-33.01,17.94,293.15,64,0,2.1,ZA,2020-08-02 17:07:26
340,San Andres Del Rabanedo,42.61,-5.62,299.15,26,100,2.6,ES,2020-08-02 17:09:32
341,Tommot,58.96,126.29,284.22,82,98,1.89,RU,2020-08-02 17:07:07
342,Deputatskiy,69.3,139.9,277.58,92,20,1.05,RU,2020-08-02 17:09:32
343,Gaoua,10.3,-3.25,299.75,70,95,3.79,BF,2020-08-02 17:09:32
344,Agbannawag,15.68,121.08,297.17,84,100,0.88,PH,2020-08-02 17:09:33
345,Quelimane,-17.88,36.89,292.34,87,43,2.23,MZ,2020-08-02 17:09:33
346,Kendari,-3.94,122.5,296.4,89,90,1.33,ID,2020-08-02 17:09:33
347,Bambanglipuro,-7.95,110.28,294.95,86,47,1.89,ID,2020-08-02 17:09:34
348,Karlshamn,56.17,14.86,295.93,88,87,2.6,SE,2020-08-02 17:09:34
349,Kodinsk,58.69,99.18,290.95,64,100,1.52,RU,2020-08-02 17:09:34
350,Dolinsk,47.35,142.8,292.15,93,75,2.0,RU,2020-08-02 17:09:35
351,Kalmunai,7.42,81.82,301.52,66,100,2.44,LK,2020-08-02 17:07:23
352,Umm Kaddadah,13.6,26.69,300.19,61,80,5.56,SD,2020-08-02 17:09:36
353,Komsomolskiy,40.43,71.72,300.15,39,0,4.1,UZ,2020-08-02 17:09:36
354,Alta,69.97,23.27,290.15,59,26,4.1,NO,2020-08-02 17:09:36
355,Malakal,9.53,31.66,297.35,90,99,1.44,SS,2020-08-02 17:09:37
356,Tsogni,-2.79,10.1,295.59,77,80,3.44,GA,2020-08-02 17:09:37
357,Khovu-Aksy,51.13,93.6,282.32,86,1,0.89,RU,2020-08-02 17:09:37
358,Tomatlan,19.93,-105.25,304.73,54,72,0.55,MX,2020-08-02 17:08:36
359,Havelock,34.88,-76.9,306.15,59,1,6.2,US,2020-08-02 17:09:38
360,Severo-Kurilsk,50.68,156.12,284.38,89,100,1.96,RU,2020-08-02 17:09:38
361,Valparaiso,-33.04,-71.63,290.15,63,100,2.1,CL,2020-08-02 17:09:38
362,Xihua,33.78,114.52,299.31,88,31,3.71,CN,2020-08-02 17:09:39
363,Rognan,67.1,15.39,296.15,46,75,3.1,NO,2020-08-02 17:09:39
364,Bahia Blanca,-38.72,-62.27,288.16,42,81,2.75,AR,2020-08-02 17:09:39
365,Carsamba,41.2,36.72,293.15,82,40,2.1,TR,2020-08-02 17:09:39
366,Kavieng,-2.57,150.8,301.11,77,66,3.36,PG,2020-08-02 17:09:40
367,Padre Paraiso,-17.07,-41.48,292.74,75,52,3.95,BR,2020-08-02 17:05:52
368,Mount Darwin,-16.77,31.58,288.33,49,0,2.61,ZW,2020-08-02 17:09:40
369,Sao Filipe,14.9,-24.5,299.04,87,62,2.14,CV,2020-08-02 17:09:40
370,Kanker,20.27,81.49,299.96,81,100,2.09,IN,2020-08-02 17:09:41
371,Ambilobe,-13.2,49.05,295.82,64,0,2.5,MG,2020-08-02 17:09:41
372,Padang,-0.95,100.35,298.22,78,40,1.86,ID,2020-08-02 17:09:41
373,Sao Paulo De Olivenca,-3.38,-68.87,305.74,44,40,1.91,BR,2020-08-02 17:09:41
374,Dunda,-8.12,34.25,293.4,40,10,4.25,TZ,2020-08-02 17:09:42
375,Luganville,-15.53,167.17,296.95,86,91,4.95,VU,2020-08-02 17:09:42
376,Coquimbo,-29.95,-71.34,289.15,63,80,4.6,CL,2020-08-02 17:09:42
377,Morondava,-20.28,44.28,296.38,71,0,5.76,MG,2020-08-02 17:07:07
378,Hueytamalco,19.95,-97.27,300.18,67,12,2.13,MX,2020-08-02 17:09:42
379,Dali,25.7,100.18,291.58,82,36,2.19,CN,2020-08-02 17:09:43
380,Gat,31.61,34.76,302.59,57,0,0.45,IL,2020-08-02 17:09:43
381,Naze,28.37,129.48,298.15,88,40,1.0,JP,2020-08-02 17:09:43
382,Yeppoon,-23.13,150.73,289.15,67,90,2.1,AU,2020-08-02 17:09:44
383,Yenangyaung,20.47,94.88,302.07,76,97,3.66,MM,2020-08-02 17:09:44
384,Orange Cove,36.62,-119.31,300.15,42,1,2.1,US,2020-08-02 17:09:44
385,Churapcha,62.0,132.43,286.01,66,0,2.36,RU,2020-08-02 17:09:45
386,Marzuq,14.4,46.47,301.68,55,2,3.62,YE,2020-08-02 17:09:45
387,Bathsheba,13.22,-59.52,304.15,70,40,6.7,BB,2020-08-02 17:09:46
388,Rincon,32.3,-81.24,309.26,59,40,3.6,US,2020-08-02 17:09:46
389,Puerto Del Rosario,28.5,-13.86,302.15,66,0,7.7,ES,2020-08-02 17:09:46
390,San Policarpo,12.18,125.51,301.03,73,99,1.6,PH,2020-08-02 17:09:46
391,Rodrigues Alves,-7.74,-72.65,305.15,49,0,3.6,BR,2020-08-02 17:09:47
392,Taoudenni,22.68,-3.98,318.57,10,20,3.74,ML,2020-08-02 17:09:47
393,Erzin,36.96,36.2,301.48,82,21,3.58,TR,2020-08-02 17:09:47
394,Boa Vista,2.82,-60.67,302.15,66,75,2.6,BR,2020-08-02 17:09:48
395,Ayorou,14.73,0.92,308.81,31,83,3.87,NE,2020-08-02 17:09:48
396,Salalah,17.02,54.09,301.15,88,40,2.1,OM,2020-08-02 17:09:48
397,Forio,40.73,13.86,303.71,77,0,0.89,IT,2020-08-02 17:09:48
398,Constantine,36.37,6.61,310.15,20,20,5.7,DZ,2020-08-02 17:09:49
399,Kobryn,52.21,24.36,293.43,68,89,2.15,BY,2020-08-02 17:09:49
400,Hofn,64.25,-15.21,285.15,87,90,5.1,IS,2020-08-02 17:09:49
401,Bonthe,7.53,-12.51,296.31,91,100,4.55,SL,2020-08-02 17:09:49
402,Port Blair,11.67,92.75,301.29,81,100,10.29,IN,2020-08-02 17:07:10
403,Burnie,-41.07,145.92,281.48,87,88,4.02,AU,2020-08-02 17:09:50
404,Yar-Sale,66.83,70.83,289.57,68,97,3.41,RU,2020-08-02 17:07:45
405,Kiri Buru,22.08,85.35,299.75,79,99,1.2,IN,2020-08-02 17:09:50
406,Qaqortoq,60.72,-46.03,285.15,71,75,2.1,GL,2020-08-02 17:09:50
407,Yinchuan,38.47,106.27,301.68,14,97,4.61,CN,2020-08-02 17:08:02
408,Maneadero,31.72,-116.57,293.15,93,0,1.34,MX,2020-08-02 17:09:51
409,Vera Cruz,-12.63,-41.03,301.14,33,76,3.83,BR,2020-08-02 17:07:20
410,Rawson,-43.3,-65.1,286.2,40,36,6.16,AR,2020-08-02 17:09:51
411,Mutis,6.23,-77.4,302.1,75,13,2.9,CO,2020-08-02 17:09:52
412,Meulaboh,4.14,96.13,298.92,81,100,1.53,ID,2020-08-02 17:09:52
413,Sumkino,58.11,68.32,295.08,71,0,3.42,RU,2020-08-02 17:09:52
414,Lorengau,-2.02,147.27,300.94,80,46,4.89,PG,2020-08-02 17:07:52
415,Myitkyina,25.38,97.4,301.03,81,80,0.29,MM,2020-08-02 17:09:53
416,Walvis Bay,-22.96,14.51,306.15,27,0,3.6,NA,2020-08-02 17:09:53
417,Tokur,53.13,132.9,282.76,92,100,1.76,RU,2020-08-02 17:09:53
418,Mezen,65.85,44.24,283.52,96,100,4.88,RU,2020-08-02 17:09:54
419,Hobyo,5.35,48.53,299.26,73,33,13.24,SO,2020-08-02 17:09:54
420,Novosergiyevka,52.09,53.65,292.59,80,92,2.29,RU,2020-08-02 17:09:54
421,Boulder City,35.98,-114.83,309.26,6,1,2.1,US,2020-08-02 17:09:55
422,Gejiu,23.31,103.16,288.93,100,100,2.39,CN,2020-08-02 17:09:55
423,Megion,61.03,76.11,291.15,88,17,1.0,RU,2020-08-02 17:09:04
424,Kushnarenkovo,55.1,55.35,294.15,68,90,2.0,RU,2020-08-02 17:09:56
425,Shaowu,27.34,117.48,297.96,79,3,1.1,CN,2020-08-02 17:09:28
426,Znamenskoye,57.13,73.83,294.67,79,65,1.41,RU,2020-08-02 17:09:57
427,Vizinga,61.07,50.1,284.08,95,99,2.09,RU,2020-08-02 17:09:57
428,Ust-Maya,60.42,134.53,284.99,67,4,0.96,RU,2020-08-02 17:09:57
429,Doha,25.29,51.53,309.82,75,0,3.1,QA,2020-08-02 17:07:13
430,Hudson Bay,52.85,-102.38,295.3,47,5,1.45,CA,2020-08-02 17:09:57
431,Nikolskoye,59.7,30.79,289.26,77,75,2.0,RU,2020-08-02 17:07:04
432,Eyrarbakki,63.86,-21.15,285.93,76,75,6.7,IS,2020-08-02 17:09:58
433,Vrangel,42.73,133.08,293.16,96,100,5.06,RU,2020-08-02 17:09:58
434,Garowe,8.41,48.48,301.72,32,72,7.51,SO,2020-08-02 17:09:59
435,Mareeba,-17.0,145.43,292.15,88,75,3.6,AU,2020-08-02 17:09:59
436,North Bend,43.41,-124.22,294.82,82,90,0.85,US,2020-08-02 17:09:59
437,Copiapo,-27.37,-70.33,290.15,55,0,2.6,CL,2020-08-02 17:09:59
438,Kesinga,20.2,83.23,302.37,72,100,1.79,IN,2020-08-02 17:10:00
439,Pangnirtung,66.15,-65.71,283.15,93,75,5.7,CA,2020-08-02 17:06:55
440,Norman Wells,65.28,-126.83,290.15,93,75,3.1,CA,2020-08-02 17:10:00
441,Cap Malheureux,-19.98,57.61,294.26,71,17,2.24,MU,2020-08-02 17:10:00
442,Chicama,-7.84,-79.15,294.86,60,48,4.49,PE,2020-08-02 17:08:22
443,Uyskoye,54.38,60.0,295.62,55,74,3.45,RU,2020-08-02 17:10:01
444,Pundaguitan,6.37,126.17,299.14,87,100,2.69,PH,2020-08-02 17:10:01
445,Buritizeiro,-17.35,-44.96,302.19,27,0,4.03,BR,2020-08-02 17:10:01
446,Kidal,18.44,1.41,313.04,21,16,5.3,ML,2020-08-02 17:10:01
447,Ulladulla,-35.35,150.47,282.15,70,50,5.7,AU,2020-08-02 17:07:47
448,Hadrut,39.52,47.03,297.73,70,15,2.95,AZ,2020-08-02 17:10:02
449,Itarema,-2.92,-39.92,303.45,55,9,7.67,BR,2020-08-02 17:10:02
450,Birin,26.89,88.07,293.28,97,85,0.49,NP,2020-08-02 17:10:03
451,Yalutorovsk,56.65,66.3,296.32,59,0,4.61,RU,2020-08-02 17:10:03
452,Hokitika,-42.72,170.97,284.17,84,100,0.94,NZ,2020-08-02 17:10:03
453,Madikeri,12.42,75.73,296.15,94,75,2.35,IN,2020-08-02 17:10:04
454,Yairipok,24.67,94.07,296.4,94,83,1.01,IN,2020-08-02 17:10:04
455,El Alto,-4.27,-81.21,295.49,61,6,6.68,PE,2020-08-02 17:10:04
456,Svetlaya,46.54,138.33,292.38,93,43,3.47,RU,2020-08-02 17:10:05
457,Chaiyaphum,15.75,102.0,297.3,92,100,5.45,TH,2020-08-02 17:10:05
458,Banamba,13.55,-7.45,304.23,59,62,4.17,ML,2020-08-02 17:10:05
459,Cayenne,4.93,-52.33,300.15,74,42,3.1,GF,2020-08-02 17:06:01
460,Conde,-7.26,-34.91,300.15,78,75,6.7,BR,2020-08-02 17:10:06
461,Vung Tau,10.35,107.08,300.61,82,100,7.95,VN,2020-08-02 17:08:55
462,Namwala,-15.75,26.44,290.33,35,0,2.86,ZM,2020-08-02 17:10:07
463,Alice Springs,-23.7,133.88,281.15,28,0,2.1,AU,2020-08-02 17:10:07
464,Merin,49.39,15.88,294.26,82,100,1.27,CZ,2020-08-02 17:10:07
465,Sungaipenuh,-2.08,101.38,291.45,95,50,0.65,ID,2020-08-02 17:10:07
466,Grants Pass,42.44,-123.33,295.93,49,1,0.44,US,2020-08-02 17:10:08
467,Te Anau,-45.42,167.72,281.83,91,85,0.48,NZ,2020-08-02 17:09:15
468,Muborak,39.26,65.15,304.0,16,0,3.79,UZ,2020-08-02 17:10:08
469,Half Moon Bay,37.46,-122.43,293.15,93,90,2.09,US,2020-08-02 17:10:08
470,Hualmay,-11.1,-77.61,292.31,67,46,4.15,PE,2020-08-02 17:10:09
471,Ibadan,7.39,3.9,299.5,76,54,2.51,NG,2020-08-02 17:10:09
472,Ocampo,21.65,-101.5,293.81,50,3,3.26,MX,2020-08-02 17:10:09
473,Posse,-14.09,-46.37,301.91,27,0,4.24,BR,2020-08-02 17:10:09
474,Flinders,-34.58,150.86,281.48,86,29,0.45,AU,2020-08-02 17:10:09
475,Dovers,12.88,-61.18,301.59,76,3,5.77,VC,2020-08-02 17:10:09
476,Manokwari,-0.87,134.08,299.44,79,98,2.27,ID,2020-08-02 17:10:10
477,San Cristobal,7.77,-72.22,306.15,41,40,11.3,VE,2020-08-02 17:10:10
478,Nopaltepec,19.8,-98.7,293.15,64,75,1.5,MX,2020-08-02 17:10:10
479,North Myrtle Beach,33.82,-78.68,306.48,74,1,5.7,US,2020-08-02 17:07:00
480,Jutai,-5.18,-68.9,306.98,34,0,1.79,BR,2020-08-02 17:10:11
481,Touros,-5.2,-35.46,302.15,62,40,5.1,BR,2020-08-02 17:10:11
482,Bemidji,47.47,-94.88,294.82,46,75,4.6,US,2020-08-02 17:08:22
483,Griffith,41.53,-87.42,299.82,49,75,2.1,US,2020-08-02 17:07:46
484,Saint-Georges,12.06,-61.75,303.15,79,40,7.7,GD,2020-08-02 17:10:11
485,Joensuu,62.6,29.76,289.82,82,100,3.1,FI,2020-08-02 17:10:12
486,Shihezi,44.3,86.03,300.28,22,84,2.23,CN,2020-08-02 17:10:12
487,Auki,-8.77,160.7,298.1,85,4,1.67,SB,2020-08-02 17:10:12
488,Xinmin,41.99,122.83,297.59,94,75,2.0,CN,2020-08-02 17:10:12
489,Esna,25.29,32.55,314.15,18,79,1.0,EG,2020-08-02 17:06:04
490,Numata,36.63,139.05,297.04,79,52,0.89,JP,2020-08-02 17:10:13
491,Loubomo,-4.2,12.67,296.71,65,76,3.99,CG,2020-08-02 17:10:14
492,Panaba,21.28,-88.27,305.49,57,6,2.75,MX,2020-08-02 17:10:14
493,Muzhi,65.37,64.67,291.42,70,100,5.33,RU,2020-08-02 17:10:14
494,Barranca,-10.75,-77.77,291.59,71,86,4.04,PE,2020-08-02 17:10:15
495,Demba,-5.51,22.27,301.63,28,22,0.27,CD,2020-08-02 17:10:15
496,Tripoli,32.88,13.19,305.23,39,0,2.29,LY,2020-08-02 17:10:15
497,Marsabit,2.33,37.99,294.51,48,29,11.19,KE,2020-08-02 17:10:16
498,Bowling Green,36.99,-86.44,299.15,61,75,2.6,US,2020-08-02 17:08:23
499,Sosnovo-Ozerskoye,52.52,111.54,285.85,94,49,4.23,RU,2020-08-02 17:10:16
500,Angoram,-4.06,144.07,296.37,98,66,0.11,PG,2020-08-02 17:10:17
501,Kieta,-6.22,155.63,298.52,81,22,1.99,PG,2020-08-02 17:10:17
502,Linhares,-19.39,-40.07,297.69,53,25,4.82,BR,2020-08-02 17:10:17
503,Regidor,8.67,-73.82,306.4,58,81,1.59,CO,2020-08-02 17:10:18
504,Ucluelet,48.93,-125.55,289.26,93,90,1.5,CA,2020-08-02 17:06:43
505,Goma,-1.68,29.22,298.15,47,20,3.1,CD,2020-08-02 17:10:18
506,Pechenga,69.53,31.17,284.15,76,75,2.1,RU,2020-08-02 17:10:18
507,Do Gonbadan,30.36,50.8,311.15,29,20,4.1,IR,2020-08-02 17:10:19
508,Sugar Hill,34.11,-84.03,304.26,62,75,1.5,US,2020-08-02 17:10:19
509,Saeby,57.33,10.52,292.04,72,16,5.9,DK,2020-08-02 17:10:19
510,Oga,46.46,10.35,295.37,82,75,1.0,IT,2020-08-02 17:10:19
511,Pudozh,61.81,36.53,286.53,88,42,1.13,RU,2020-08-02 17:10:19
512,Villa Carlos Paz,-31.42,-64.5,297.04,38,14,6.2,AR,2020-08-02 17:06:12
513,Evinayong,1.44,10.55,294.28,91,63,2.03,GQ,2020-08-02 17:10:20
514,Takahashi,34.78,133.62,297.04,95,52,0.89,JP,2020-08-02 17:10:20
515,Namibe,-15.2,12.15,293.73,78,0,2.69,AO,2020-08-02 17:10:20
516,Mundgod,14.97,75.03,294.77,91,93,5.74,IN,2020-08-02 17:10:21
517,Oranjestad,12.52,-70.03,305.15,70,40,8.2,AW,2020-08-02 17:10:21
518,Requena,39.49,-1.1,307.59,50,0,5.38,ES,2020-08-02 17:10:21
519,Juneau,58.3,-134.42,287.15,93,90,3.1,US,2020-08-02 17:10:00
520,Henties Bay,-22.12,14.28,298.15,33,0,1.34,NA,2020-08-02 17:10:22
521,Minnedosa,50.25,-99.84,294.15,56,20,3.6,CA,2020-08-02 17:10:22
522,Uglovskoye,51.36,80.19,294.52,54,0,5.77,RU,2020-08-02 17:10:22
523,Bilibino,68.05,166.44,279.7,79,93,1.2,RU,2020-08-02 17:08:22
524,Tulum,20.22,-87.47,304.15,74,75,3.6,MX,2020-08-02 17:10:22
525,Hirara,24.8,125.28,302.35,78,100,16.31,JP,2020-08-02 17:10:23
526,Kaeo,-35.1,173.78,287.59,3,100,2.24,NZ,2020-08-02 17:06:54
527,Shieli,44.17,66.75,301.23,24,0,2.56,KZ,2020-08-02 17:10:23
528,Vangaindrano,-23.35,47.6,291.41,69,66,2.11,MG,2020-08-02 17:10:23
529,Rottingdean,50.81,-0.06,294.26,72,20,8.7,GB,2020-08-02 17:10:24
530,Lukovetskiy,64.3,41.92,285.15,93,75,3.0,RU,2020-08-02 17:10:24
531,Egvekinot,66.32,-179.17,278.51,77,57,1.72,RU,2020-08-02 17:10:24
532,Gornopravdinsk,60.05,69.9,295.24,80,69,2.97,RU,2020-08-02 17:10:25
533,Sorong,-0.88,131.25,298.2,94,100,4.44,ID,2020-08-02 17:10:25
534,Terekli-Mekteb,44.17,45.87,293.9,76,93,7.27,RU,2020-08-02 17:10:25
535,Westport,41.14,-73.36,300.15,78,90,5.1,US,2020-08-02 17:10:26
536,Arawa,-6.21,155.54,297.51,83,10,1.4,PG,2020-08-02 17:10:26
537,Mathbaria,22.29,89.96,302.37,82,98,3.26,BD,2020-08-02 17:10:27
538,Swan River,52.11,-101.27,294.14,62,0,1.16,CA,2020-08-02 17:10:27
539,Praya,14.92,-23.51,303.15,74,20,4.6,CV,2020-08-02 17:07:13
540,Rabo De Peixe,37.8,-25.58,297.15,64,20,3.6,PT,2020-08-02 17:10:28
541,Birao,10.28,22.79,295.17,95,96,1.42,CF,2020-08-02 17:10:28
542,Marquette,46.53,-87.63,288.15,95,100,4.0,US,2020-08-02 17:10:28
543,Ciudad Guayana,8.35,-62.65,303.78,60,78,2.05,VE,2020-08-02 17:10:28
544,Chernyshevskiy,63.01,112.47,286.45,76,0,1.35,RU,2020-08-02 17:10:29
545,Deqing,30.54,119.96,304.26,62,100,1.73,CN,2020-08-02 17:10:29
546,Reynosa,26.08,-98.28,303.15,66,1,2.1,MX,2020-08-02 17:06:12
547,Romanovo,52.62,81.23,291.83,75,0,4.94,RU,2020-08-02 17:10:29
548,Tambo,-14.8,-73.92,287.85,28,0,2.09,PE,2020-08-02 17:10:30
549,Aleksandriya,45.09,43.25,292.61,78,86,4.95,RU,2020-08-02 17:10:30
550,Pocone,-16.26,-56.62,309.46,16,0,2.96,BR,2020-08-02 17:10:30
551,Garoua,9.3,13.4,298.15,88,40,2.1,CM,2020-08-02 17:10:30
